,p-value,U,avg_readmit,95%CI_low_readmit,95%CI_high_readmit,avg_no_readmit,95%CI_low_no_readmit,95%CI_high_no_readmit,B-H_corrected_is_significant,B-H_corrected_p_val
_Iage_group_1,0.3449381541976959,166139092.5,0.3976995686691255,0.3901145019856797,0.40528463535257125,0.3976995686691255,0.3901145019856797,0.40528463535257125,False,0.3882720931672557
_Iage_group_2,0.4230836283831742,166315077.5,0.39013565043445647,0.38257603508037563,0.3976952657885373,0.39013565043445647,0.38257603508037563,0.3976952657885373,False,0.4556285228741876
_Inew_cc_in_1,0.04670466664403621,165270997.5,0.22072888666624993,0.21430128238459645,0.2271564909479034,0.22072888666624993,0.21430128238459645,0.2271564909479034,False,0.06418310017339945
_Inew_cc_in_2,3.575793423524219e-74,152463691.0,0.3108707882728011,0.30369754527246395,0.3180440312731383,0.3108707882728011,0.30369754527246395,0.3180440312731383,True,2.053789043254936e-73
_Ipayer_2,1.499409135895867e-63,152650467.0,0.2841782834281428,0.2771883484744071,0.29116821838187845,0.2841782834281428,0.2771883484744071,0.29116821838187845,True,7.81087549862033e-63
_Ipayer_3,0.0005945360253709404,165361452.5,0.03675689191723448,0.033840723501368554,0.03967306033310041,0.03675689191723448,0.033840723501368554,0.03967306033310041,True,0.0010244313052545433
_Ipayer_4,0.022116594285759045,165788733.5,0.03788210289429268,0.03492336535104519,0.040840840437540174,0.03788210289429268,0.03492336535104519,0.040840840437540174,True,0.0317571610257053
_Izipinc_qr_2,0.0017197865685376196,164239110.0,0.26598737263236855,0.2591394707111282,0.2728352745536089,0.26598737263236855,0.2591394707111282,0.2728352745536089,True,0.002832589642297256
_Izipinc_qr_3,0.000211039358590364,163777821.0,0.24954679002312935,0.24284002547763422,0.2562535545686245,0.24954679002312935,0.24284002547763422,0.2562535545686245,True,0.000369318877533137
_Izipinc_qr_4,3.7844332439968846e-06,163061194.5,0.24423329374257674,0.23757486789758409,0.2508917195875694,0.24423329374257674,0.23757486789758409,0.2508917195875694,True,7.568866487993769e-06
_st,0.0,23018640.5,0.12121022691754704,0.1161521272187626,0.12626832661633147,0.12121022691754704,0.1161521272187626,0.12626832661633147,True,0.0
abd_pain_adm,9.326226393135754e-08,165324495.5,0.02025379758704757,0.01807063900636108,0.02243695616773406,0.02025379758704757,0.01807063900636108,0.02243695616773406,True,2.131708889859601e-07
age,0.48656600634966496,166446743.5,56.95955491654685,56.66952015717675,57.24958967591695,56.95955491654685,56.66952015717675,57.24958967591695,False,0.49050691290818316
age_group,0.49016587983699567,166457560.5,1.1779708695380384,1.1662637153320978,1.189678023743979,1.1779708695380384,1.1662637153320978,1.189678023743979,False,0.49050691290818316
aki_adm,2.9762295863462714e-05,164151695.0,0.13352503594423953,0.1282535310112511,0.13879654087722798,0.13352503594423953,0.1282535310112511,0.13879654087722798,True,5.5097142755501225e-05
aprdrg,0.05664823368637542,164888235.5,325.97387010064386,322.90030903928533,329.0474311620024,325.97387010064386,322.90030903928533,329.0474311620024,False,0.07690426876210965
aprdrg_risk_mortality,7.553302086432778e-48,152845665.5,1.9067950240670126,1.892432914494439,1.9211571336395863,1.9067950240670126,1.892432914494439,1.9211571336395863,True,3.452938096654984e-47
aprdrg_severity,4.3159487159924906e-67,150419127.0,2.5483528161530287,2.536639550997126,2.5600660813089315,2.5483528161530287,2.536639550997126,2.5600660813089315,True,2.3579817375178487e-66
aweekend,0.00419387811846158,164603021.0,0.21585297243233106,0.2094769032129869,0.22222904165167523,0.21585297243233106,0.2094769032129869,0.22222904165167523,True,0.006615695060108408
before_ibd_index,7.064044480398554e-61,157797344.0,0.18753516284303307,0.17862181089934515,0.19644851478672098,0.18753516284303307,0.17862181089934515,0.19644851478672098,True,3.516324363576169e-60
blood_transfusion,3.5985943974326916e-15,162004199.5,0.1384009501781584,0.13304918070883853,0.14375271964747827,0.1384009501781584,0.13304918070883853,0.14375271964747827,True,1.0334424936216961e-14
cardiac,7.3806225338491865e-06,165381127.5,0.017753328749140464,0.015706764248793015,0.019799893249487912,0.017753328749140464,0.015706764248793015,0.019799893249487912,True,1.437616910941059e-05
cardiac_adm,0.0773366983427551,165894626.0,0.05682315434143902,0.053235302583768566,0.06041100609910947,0.05682315434143902,0.053235302583768566,0.06041100609910947,False,0.10190247311045378
cc_aids_hiv,0.006776452293003006,166175168.0,0.006063636931924736,0.0048604831497815835,0.0072667907140678886,0.006063636931924736,0.0048604831497815835,0.0072667907140678886,True,0.010396748723511462
cc_chf,1.4973218005787647e-28,160998455.0,0.10720760142526724,0.10241288101264785,0.11200232183788662,0.10720760142526724,0.10241288101264785,0.11200232183788662,True,5.2406263020256765e-28
cc_cvd,0.2390163586706458,166320711.5,0.017440770144402075,0.01541197846442226,0.01946956182438189,0.017440770144402075,0.01541197846442226,0.01946956182438189,False,0.27885241844908676
cc_dementia,0.22619591094908265,166403650.0,0.003188097768331562,0.002314427253248655,0.004061768283414469,0.003188097768331562,0.002314427253248655,0.004061768283414469,False,0.2679119921076619
cc_dm_w_comp,,,0.0,0.0,0.0,0.0,0.0,0.0,,
cc_dm_wocomp,,,0.0,0.0,0.0,0.0,0.0,0.0,,
cc_hemi_or_para,0.19429625495324532,166359817.0,0.006876289304244546,0.00559556986437908,0.008157008744110012,0.006876289304244546,0.00559556986437908,0.008157008744110012,False,0.23273989898142755
cc_index,4.1079870553508095e-87,148115440.0,1.2449834343939488,1.2173062714038785,1.272660597384019,1.2449834343939488,1.2173062714038785,1.272660597384019,True,2.5560808344405034e-86
cc_malignancy,5.6558668117003777e-11,163822747.0,0.06795024067012564,0.06405000989258883,0.07185047144766246,0.06795024067012564,0.06405000989258883,0.07185047144766246,True,1.4731560067684703e-10
cc_met_solidtumor,2.409959185457629e-07,165164314.0,0.02731762205413515,0.024791337736436384,0.029843906371833918,0.02731762205413515,0.024791337736436384,0.029843906371833918,True,5.241076286820475e-07
cc_mi,0.1322108745519095,166038486.0,0.055697943364380824,0.05214367428401121,0.059252212444750436,0.055697943364380824,0.05214367428401121,0.059252212444750436,False,0.1663777297731895
cc_mild_liver,6.728509309094026e-12,164702541.0,0.029130461961617803,0.02652413210240497,0.03173679182083064,0.029130461961617803,0.02652413210240497,0.03173679182083064,True,1.7731601002788962e-11
cc_mod_severe_liver,3.344957215042568e-05,165618300.0,0.01844095767956492,0.016355865757247588,0.02052604960188225,0.01844095767956492,0.016355865757247588,0.02052604960188225,True,6.14156078827488e-05
cc_pervasc,2.9031890089734432e-06,165078942.5,0.037006938801025194,0.03408124806863891,0.03993262953341148,0.037006938801025194,0.03408124806863891,0.03993262953341148,True,5.858687729820281e-06
cc_pud,0.0050928525212953855,165804462.5,0.025442270425704818,0.023001893142980206,0.02788264770842943,0.025442270425704818,0.023001893142980206,0.02788264770842943,True,0.007977615138252911
cc_pulm,1.8093783964657394e-23,159290308.5,0.24454585234731513,0.2378845451589755,0.25120715953565476,0.24454585234731513,0.2378845451589755,0.25120715953565476,True,6.049265086691427e-23
cc_renal,9.52448295886648e-39,159140793.5,0.14358942301681565,0.13815469902980493,0.14902414700382638,0.14358942301681565,0.13815469902980493,0.14902414700382638,True,3.8790621505201667e-38
cc_rheumatic,1.1465107332713168e-05,164927321.0,0.05132212289804338,0.04790243124115316,0.0547418145549336,0.05132212289804338,0.04790243124115316,0.0547418145549336,True,2.1950290961775637e-05
ccr_nrd,1.6129227238061187e-09,160498144.5,0.3058374069150466,0.30380819259541525,0.3078666212346779,0.3058374069150466,0.30380819259541525,0.3078666212346779,True,3.970271320138139e-09
censor_death,,,0.0,0.0,0.0,0.0,0.0,0.0,,
censor_readm,,,0.0,0.0,0.0,0.0,0.0,0.0,,
censor_severe,,,0.0,0.0,0.0,0.0,0.0,0.0,,
censor_surg,,,0.0,0.0,0.0,0.0,0.0,0.0,,
chronic_pain,1.7076111368943111e-25,163454978.5,0.03888229042945552,0.035886306593658,0.04187827426525304,0.03888229042945552,0.035886306593658,0.04187827426525304,True,5.884690687143472e-25
cm_aids,0.4065005727322575,166465376.0,0.0014377695817965868,0.0008505406162341127,0.002024998547359061,0.0014377695817965868,0.0008505406162341127,0.002024998547359061,False,0.4485523561183531
cm_alcohol,0.016613286050582064,165819117.0,0.03481902856785647,0.03197791916863235,0.03766013796708059,0.03481902856785647,0.03197791916863235,0.03766013796708059,True,0.02440058857094869
cm_anemdef,5.488985319514635e-39,156581592.0,0.2866162405451022,0.2796083507622038,0.2936241303280006,0.2866162405451022,0.2796083507622038,0.2936241303280006,True,2.2769124288357003e-38
cm_arth,6.559508896711645e-05,164943521.5,0.061073951365881105,0.05736271205702347,0.06478519067473874,0.061073951365881105,0.05736271205702347,0.06478519067473874,True,0.0001184943542631781
cm_bldloss,0.07800457193922099,166035019.0,0.031818465962367946,0.029098313337803976,0.03453861858693192,0.031818465962367946,0.029098313337803976,0.03453861858693192,False,0.10218142756950586
cm_chf,1.2678789534117135e-19,162612768.5,0.07776458085891104,0.0736142083982151,0.08191495331960698,0.07776458085891104,0.0736142083982151,0.08191495331960698,True,3.944512299503108e-19
cm_chrnlung,2.082980911053975e-17,160586285.0,0.22066637494530225,0.21423942313207273,0.22709332675853178,0.22066637494530225,0.21423942313207273,0.22709332675853178,True,6.305239514541763e-17
cm_coag,0.29670343681840766,166263721.5,0.057948365318497216,0.05432732630026671,0.06156940433672772,0.057948365318497216,0.05432732630026671,0.06156940433672772,False,0.3390896420781802
cm_depress,5.639380176355375e-10,162538594.0,0.1768456585609802,0.17093258755758806,0.18275872956437234,0.1768456585609802,0.17093258755758806,0.18275872956437234,True,1.4193496174197799e-09
cm_dm,9.433414161646471e-08,163179995.5,0.16621866599987498,0.160449125363774,0.17198820663597594,0.16621866599987498,0.160449125363774,0.17198820663597594,True,2.1344290628371815e-07
cm_dmcx,1.8028414863331628e-15,164143028.5,0.03763205601050197,0.03468271626414856,0.04058139575685538,0.03763205601050197,0.03468271626414856,0.04058139575685538,True,5.2446297784237465e-15
cm_drug,6.043944115608524e-20,163131491.0,0.05807338876039257,0.05444868620416654,0.0616980913166186,0.05807338876039257,0.05444868620416654,0.0616980913166186,True,1.9068218054877596e-19
cm_htn_c,0.1972701718836854,165738663.5,0.45708570356941924,0.4493653051334874,0.4648061020053511,0.45708570356941924,0.4493653051334874,0.4648061020053511,False,0.23504531118056132
cm_hypothy,0.4386738264622809,166391844.5,0.12396074263924486,0.1188535866244879,0.12906789865400184,0.12396074263924486,0.1188535866244879,0.12906789865400184,False,0.467918748226433
cm_liver,6.3662851845539926e-06,164835708.5,0.05432268550353191,0.05081001545643075,0.05783535555063308,0.05432268550353191,0.05081001545643075,0.05783535555063308,True,1.2509191941579775e-05
cm_lymph,0.002910228396507512,166078055.0,0.00837657060698881,0.006964092345459933,0.009789048868517686,0.00837657060698881,0.006964092345459933,0.009789048868517686,True,0.004656365434412019
cm_lytes,1.2425631249243247e-07,162082453.5,0.4018878539726199,0.39428950899224036,0.4094861989529994,0.4018878539726199,0.39428950899224036,0.4094861989529994,True,2.7287660782651836e-07
cm_mets,2.7545928311989326e-05,165564450.5,0.02025379758704757,0.01807063900636108,0.02243695616773406,0.02025379758704757,0.01807063900636108,0.02243695616773406,True,5.1419066182380075e-05
cm_neuro,3.676980935459884e-08,164006973.0,0.08289054197662062,0.07861748846143377,0.08716359549180747,0.08289054197662062,0.07861748846143377,0.08716359549180747,True,8.57962218273973e-08
cm_obese,0.49050691290818316,166467954.5,0.10595736700631368,0.10118734975804124,0.11072738425458613,0.10595736700631368,0.10118734975804124,0.11072738425458613,False,0.49050691290818316
cm_para,0.0022294928562241714,165872022.5,0.01725323498155904,0.01523518770492533,0.019271282258192753,0.01725323498155904,0.01523518770492533,0.019271282258192753,True,0.003618886955030539
cm_perivasc,5.044344542941079e-07,164659831.0,0.053697568294055135,0.05020401362528308,0.05719112296282719,0.053697568294055135,0.05020401362528308,0.05719112296282719,True,1.0864742092488477e-06
cm_psych,1.007280886395525e-13,163539976.0,0.06532474839032319,0.061495226990741905,0.06915426978990448,0.06532474839032319,0.061495226990741905,0.06915426978990448,True,2.7855668957110817e-13
cm_pulmcirc,4.882483455144108e-05,165521602.0,0.023441895355379133,0.02109701514231949,0.025786775568438777,0.023441895355379133,0.02109701514231949,0.025786775568438777,True,8.891677186603903e-05
cm_renlfail,2.7605936100035007e-34,160006454.0,0.1252734887791461,0.12014320974383028,0.13040376781446192,0.1252734887791461,0.12014320974383028,0.13040376781446192,True,1.0306216144013069e-33
cm_smoking,2.2001415783876294e-05,163214122.5,0.3077452022254173,0.3005919442326797,0.3148984602181549,0.3077452022254173,0.3005919442326797,0.3148984602181549,True,4.1414429710825964e-05
cm_tumor,9.074740302055943e-05,165609943.5,0.020941426517472026,0.018722296619424025,0.023160556415520027,0.020941426517472026,0.018722296619424025,0.023160556415520027,True,0.00016132871648099454
cm_ulcer,0.14005600300371412,166428654.5,0.0009376758142151654,0.00046332690743229084,0.00141202472099804,0.0009376758142151654,0.00046332690743229084,0.00141202472099804,False,0.1744034126520252
cm_valve,0.013625143157414435,165756138.0,0.0389448021504032,0.03594650844492161,0.041943095855884786,0.0389448021504032,0.03594650844492161,0.041943095855884786,True,0.020212132895767107
cm_wghtloss,9.70173928530688e-13,162669897.5,0.12008501594048884,0.11504722637160635,0.12512280550937135,0.12008501594048884,0.11504722637160635,0.12512280550937135,True,2.6502312194009037e-12
copd,1.209195396855065e-16,160602900.5,0.2331062074138901,0.22655351493685782,0.23965889989092237,0.2331062074138901,0.22655351493685782,0.23965889989092237,True,3.5639443275728235e-16
crohn_index,1.669359611639486e-09,161407831.0,0.6166156154278928,0.6090803296890291,0.6241509011667564,0.6166156154278928,0.6090803296890291,0.6241509011667564,True,4.064527750078749e-09
cvd_adm,,,0.0,0.0,0.0,0.0,0.0,0.0,,
diabetes,1.209195396855065e-16,160602900.5,0.2331062074138901,0.22655351493685782,0.23965889989092237,0.2331062074138901,0.22655351493685782,0.23965889989092237,True,3.5639443275728235e-16
did_die_in_sixmo,3.797389050088175e-173,160299021.0,0.03713196224292055,0.03420152387733523,0.04006240060850587,0.03713196224292055,0.03420152387733523,0.04006240060850587,True,3.402460588879005e-172
did_prevent_in_sixmo,0.0,143803926.0,0.13621303994498968,0.1308970038555108,0.14152907603446854,0.13621303994498968,0.1308970038555108,0.14152907603446854,True,0.0
did_proc_in_sixmo,0.0,114237639.0,0.313808839157342,0.3066171583766024,0.32100051993808154,0.313808839157342,0.3066171583766024,0.32100051993808154,True,0.0
did_severe_in_sixmo,0.0,117130785.0,0.2964305807338876,0.28935291193596646,0.30350824953180877,0.2964305807338876,0.28935291193596646,0.30350824953180877,True,0.0
did_surgery_in_sixmo,9.120878076642897e-155,160954662.0,0.03319372382321685,0.030417381748326994,0.03597006589810671,0.03319372382321685,0.030417381748326994,0.03597006589810671,True,7.857987266030803e-154
did_unplanned_in_sixmo,0.0,38433051.0,0.7691442145402263,0.7626136680367892,0.7756747610436634,0.7691442145402263,0.7626136680367892,0.7756747610436634,True,0.0
died_in_sixmo,,,0.0,0.0,0.0,0.0,0.0,0.0,,
discwt,0.45049358768373976,166355042.5,2.380186391485904,2.3630282204758584,2.3973445624959493,2.380186391485904,2.3630282204758584,2.3973445624959493,False,0.4760588569312716
dispuniform,1.0256101007635173e-21,158748599.5,2.5090954553978873,2.469639578336692,2.5485513324590827,2.5090954553978873,2.469639578336692,2.5485513324590827,True,3.3295168488554764e-21
dm,7.176672077642127e-18,160684594.0,0.20441332749890603,0.1981634197115654,0.21066323528624667,0.20441332749890603,0.1981634197115654,0.21066323528624667,True,2.2021569114956664e-17
dmonth,5.7577389763614245e-95,145925136.5,3.1001437769581797,3.073833060162847,3.126454493753512,3.1001437769581797,3.073833060162847,3.126454493753512,True,3.908283426378664e-94
dmonth_dead,1.1186938811710665e-153,159410105.0,0.0,0.0,0.0,0.0,0.0,0.0,True,9.281015903048849e-153
dmonth_dead_fu,0.011034394848129587,165658084.5,0.30649496780646374,0.28272711554254193,0.33026282007038554,0.30649496780646374,0.28272711554254193,0.33026282007038554,True,0.016700705716088025
dqtr,1.8329827401883737e-73,150712298.5,1.4005751078327187,1.3929808625135958,1.4081693531518416,1.4005751078327187,1.3929808625135958,1.4081693531518416,True,1.0264703345054892e-72
drg,1.2361466577153861e-05,162223669.0,455.07845220978936,451.66453095861976,458.49237346095896,455.07845220978936,451.66453095861976,458.49237346095896,True,2.3465834858325975e-05
drg_nopoa,1.1159485798124283e-05,162200446.5,454.3986997562043,450.99774636352265,457.7996531488859,454.3986997562043,450.99774636352265,457.7996531488859,True,2.15493518860331e-05
drgver,,,30.0,30.0,30.0,30.0,30.0,30.0,,
dxccs1,0.005877515249533651,163956033.5,151.07770206913796,149.41250631841578,152.74289781986013,151.07770206913796,149.41250631841578,152.74289781986013,True,0.009142801499274569
dxccs2,0.0001047831590410461,162735369.0,178.54422704257047,175.83943732590762,181.2490167592333,178.54422704257047,175.83943732590762,181.2490167592333,True,0.00018481439074956164
dxccs3,0.4821285766907246,166435507.0,187.4199537413265,184.66674231876706,190.17316516388595,187.4199537413265,184.66674231876706,190.17316516388595,False,0.48998012055408513
dxccs4,0.011436895037125656,164182246.5,180.8711008314059,178.24474623742782,183.49745542538398,180.8711008314059,178.24474623742782,183.49745542538398,True,0.017193721398094948
dxccs5,0.14702488848869566,165424114.0,159.65956116771895,157.48534102413103,161.83378131130686,159.65956116771895,157.48534102413103,161.83378131130686,False,0.1809537089091639
dxccs6,0.0032524774471180866,163731910.5,174.91092079764957,172.35928671649526,177.46255487880387,174.91092079764957,172.35928671649526,177.46255487880387,True,0.005167056369889726
elective,3.778647389036833e-44,157391723.5,0.13715071575920484,0.1318193096299626,0.14248212188844708,0.13715071575920484,0.1318193096299626,0.14248212188844708,True,1.6277250291235586e-43
endo_adm,8.993110409500207e-05,165522969.0,0.025067200100018755,0.0226444115592247,0.02748998864081281,0.025067200100018755,0.0226444115592247,0.02748998864081281,True,0.0001611565385382437
female,0.19399461443638538,165736482.5,0.5835469150465712,0.5759068652958096,0.5911869647973328,0.5835469150465712,0.5759068652958096,0.5911869647973328,False,0.23273989898142755
fracture_adm,0.016666473443549774,166024425.0,0.013690066887541414,0.01188918701345121,0.015490946761631619,0.013690066887541414,0.01188918701345121,0.015490946761631619,True,0.02440058857094869
fractures,0.044989684893310664,166020177.5,0.023129336750640744,0.02079976881811451,0.02545890468316698,0.023129336750640744,0.02079976881811451,0.02545890468316698,False,0.06259434419938875
frailty_risk_category,1.4644492152886936e-32,156181481.0,1.485841095205351,1.4768851861706231,1.4947970042400787,1.485841095205351,1.4768851861706231,1.4947970042400787,True,5.290913293946248e-32
frailty_risk_category_index,1.0516164935653018e-34,155957604.5,0.44377070700756394,0.4360708705652587,0.4514705434498692,0.44377070700756394,0.4360708705652587,0.4514705434498692,True,3.992577873875044e-34
frailty_risk_score,2.2806040265734013e-53,150990005.5,5.392067262611739,5.321907645838402,5.462226879385077,5.392067262611739,5.321907645838402,5.462226879385077,True,1.1105550042444389e-52
gi_adm,0.4131422719263712,166339077.5,0.16290554478964805,0.15718245681309573,0.16862863276620038,0.16290554478964805,0.15718245681309573,0.16862863276620038,False,0.4492420820946949
gi_bleed_adm,0.04932919511395263,166085126.0,0.020441332749890604,0.0182483001586855,0.022634365341095707,0.020441332749890604,0.0182483001586855,0.022634365341095707,False,0.06737646161905726
gi_or_hepatic_proc_index,0.1086469724739273,165471058.5,0.3261861599049822,0.31892045115957063,0.3334518686503937,0.3261861599049822,0.31892045115957063,0.3334518686503937,False,0.13906812476662694
gu_adm,0.14014559945252025,166142328.0,0.03431893480027505,0.03149757149284292,0.03714029810770718,0.03431893480027505,0.03149757149284292,0.03714029810770718,False,0.1744034126520252
h_contrl,0.07138731363090675,165332126.0,2.045571044570857,2.037467325318645,2.0536747638230692,2.045571044570857,2.037467325318645,2.0536747638230692,False,0.095183084841209
hcup_ed,4.7708304096923085e-34,155023276.0,1.2553603800712634,1.2374587576522398,1.273262002490287,1.2553603800712634,1.2374587576522398,1.273262002490287,True,1.751911494706684e-33
hosp_bedsize,0.0002615441586973735,163550759.5,2.5694817778333436,2.5591554250031887,2.5798081306634986,2.5694817778333436,2.5591554250031887,2.5798081306634986,True,0.00045415419804815244
hosp_nrd,0.18171584417755687,165562256.0,2561.1604050759515,2547.2533609330385,2575.0674492188646,2561.1604050759515,2547.2533609330385,2575.0674492188646,False,0.22002350862579861
hosp_ur_teach,0.2526467722110015,165879106.0,0.667000062511721,0.6575537383752971,0.6764463866481448,0.667000062511721,0.6575537383752971,0.6764463866481448,False,0.2902198819244325
hosp_urban_rural_location,0.0007993123179000028,164983757.0,0.07470150653247484,0.07062694515799972,0.07877606790694996,0.07470150653247484,0.07062694515799972,0.07877606790694996,True,0.0013462102196210573
hosp_urcat4,1.931386337884372e-06,162387550.5,1.5030318184659623,1.492515943956588,1.5135476929753366,1.5030318184659623,1.492515943956588,1.5135476929753366,True,3.969087520055957e-06
ibd,,,1.0,1.0,1.0,1.0,1.0,1.0,,
ibd_adm_num,,,1.0,1.0,1.0,1.0,1.0,1.0,,
ibd_adm_total,0.0,46467255.0,2.3672563605676062,2.3433276134767658,2.3911851076584467,2.3672563605676062,2.3433276134767658,2.3911851076584467,True,0.0
ibd_alive_fu,5.7577389763614245e-95,145925136.5,9.899856223041821,9.873545506246488,9.926166939837154,9.899856223041821,9.873545506246488,9.926166939837154,True,3.908283426378664e-94
ibd_colonresect_adm,,,0.0,0.0,0.0,0.0,0.0,0.0,,
ibd_colostomy_adm,,,0.0,0.0,0.0,0.0,0.0,0.0,,
ibd_dx_index,,,1.0,1.0,1.0,1.0,1.0,1.0,,
ibd_exlap_adm,,,0.0,0.0,0.0,0.0,0.0,0.0,,
ibd_flag,,,1.0,1.0,1.0,1.0,1.0,1.0,,
ibd_fu_v1,5.7577389763614245e-95,145925136.5,9.899856223041821,9.873545506246488,9.926166939837154,9.899856223041821,9.873545506246488,9.926166939837154,True,3.908283426378664e-94
ibd_fu_v2,5.7577389763614245e-95,145925136.5,9.899856223041821,9.873545506246488,9.926166939837154,9.899856223041821,9.873545506246488,9.926166939837154,True,3.908283426378664e-94
ibd_ileostomy_adm,,,0.0,0.0,0.0,0.0,0.0,0.0,,
ibd_index_discharge_date,0.4706060331338827,166406246.5,16434.29736825655,16382.429200201344,16486.165536311753,16434.29736825655,16382.429200201344,16486.165536311753,False,0.4881079242877018
ibd_index_hosp,,,1.0,1.0,1.0,1.0,1.0,1.0,,
ibd_index_six_months,,,1.0,1.0,1.0,1.0,1.0,1.0,,
ibd_localexcise_adm,,,0.0,0.0,0.0,0.0,0.0,0.0,,
ibd_lysis_adm,,,0.0,0.0,0.0,0.0,0.0,0.0,,
ibd_max_daystoevent,0.48341788679666436,166438758.5,16427.657060698883,16375.789512243395,16479.52460915437,16427.657060698883,16375.789512243395,16479.52460915437,False,0.48998012055408513
ibd_min_dmonth,5.7577389763614245e-95,145925136.5,3.1001437769581797,3.073833060162847,3.126454493753512,3.1001437769581797,3.073833060162847,3.126454493753512,True,3.908283426378664e-94
ibd_net_readm,,,41539.0,41539.0,41539.0,41539.0,41539.0,41539.0,,
ibd_procedures,0.062347875616584635,165259484.5,0.2955554166406201,0.28848380935303763,0.3026270239282026,0.2955554166406201,0.28848380935303763,0.3026270239282026,False,0.08362828825218538
ibd_readm,0.0,0.0,1.0,1.0,1.0,1.0,1.0,1.0,True,0.0
ibd_smallbowelresect_adm,,,0.0,0.0,0.0,0.0,0.0,0.0,,
ibd_specific_adm,2.350244308280146e-10,161734180.0,0.27017565793586296,0.2632937709366941,0.2770575449350318,0.27017565793586296,0.2632937709366941,0.2770575449350318,True,6.051203736261525e-10
ibd_surgery_adm,,,0.0,0.0,0.0,0.0,0.0,0.0,,
ibd_total_charges,0.0,50743484.0,42528.867349102955,41754.647116593726,43303.087581612184,42528.867349102955,41754.647116593726,43303.087581612184,True,0.0
ibd_total_los,0.0,41389272.5,19.444645871100832,19.137272658364022,19.75201908383764,19.444645871100832,19.137272658364022,19.75201908383764,True,0.0
ibdtotcharges_alive_fu,0.0,54404441.0,4384.499863151215,4301.843467164194,4467.156259138236,4384.499863151215,4301.843467164194,4467.156259138236,True,0.0
ibdtotlos_alive_fu,0.0,44601854.5,1.9980578723648184,1.9662763901608789,2.029839354568758,1.9980578723648184,1.9662763901608789,2.029839354568758,True,0.0
infxn_adm,0.40983931099883286,166346561.0,0.12958679752453586,0.12438182585897492,0.1347917691900968,0.12958679752453586,0.12438182585897492,0.1347917691900968,False,0.4487189614599161
inpt_charges,3.269782441626156e-14,158904133.5,14677.578170683877,14329.322520188938,15025.833821178816,14677.578170683877,14329.322520188938,15025.833821178816,True,9.155390836553237e-14
key_nrd,0.11315861896351703,165257992.0,17141393.636181783,17077141.71928304,17205645.553080525,17141393.636181783,17077141.71928304,17205645.553080525,False,0.14320638784083511
los,4.7227856968315137e-107,144462737.5,6.640307557667063,6.506469301337259,6.774145813996866,6.640307557667063,6.506469301337259,6.774145813996866,True,3.778228557465211e-106
malignancies_adm,0.08509817815522391,166131986.0,0.022754266424954678,0.020443220546557138,0.025065312303352218,0.022754266424954678,0.020443220546557138,0.025065312303352218,False,0.11082553434168695
max_nrd_daystoevent,0.48341788679666436,166438758.5,16427.657060698883,16375.789512243395,16479.52460915437,16427.657060698883,16375.789512243395,16479.52460915437,False,0.48998012055408513
mdc,6.47033623665703e-08,161392898.0,7.978683503156842,7.905547157533802,8.051819848779882,7.978683503156842,7.905547157533802,8.051819848779882,True,1.494180739186778e-07
mdc_nopoa,1.0016217995944115e-07,161471010.0,7.994749015440395,7.921689097221768,8.067808933659023,7.994749015440395,7.921689097221768,8.067808933659023,True,2.2436328310914817e-07
middle_quintile,0.3449381541976959,166139092.5,0.3976995686691255,0.3901145019856797,0.40528463535257125,0.3976995686691255,0.3901145019856797,0.40528463535257125,False,0.3882720931672557
middle_quintile_flag,3.4158647255440594e-204,139462344.0,1.2840532599862475,1.2531598459883933,1.3149466739841018,1.2840532599862475,1.2531598459883933,1.3149466739841018,True,3.4779713569175875e-203
n_disc_u,1.0123802372449029e-06,161683332.0,1084456.1848471588,1072622.4950872457,1096289.874607072,1084456.1848471588,1072622.4950872457,1096289.874607072,True,2.1193754499332543e-06
n_hosp_u,0.3659497363514078,166135082.5,61.30249421766581,60.783871100160404,61.821117335171216,61.30249421766581,60.783871100160404,61.821117335171216,False,0.40986370471357675
nchronic,6.692558443064066e-95,145742309.0,6.409451772207289,6.362089304576208,6.45681423983837,6.409451772207289,6.362089304576208,6.45681423983837,True,4.4092149742539735e-94
ndx,1.9022625327932884e-91,146077989.0,12.80915171594674,12.72984910362737,12.88845432826611,12.80915171594674,12.72984910362737,12.88845432826611,True,1.2174480209877046e-90
necode,2.4631037740804753e-09,162357076.0,0.340188785397262,0.3287893902562447,0.3515881805382793,0.340188785397262,0.3287893902562447,0.3515881805382793,True,5.932637047247596e-09
neuro_adm,0.24955424605509247,166345048.5,0.012877414515221603,0.011130083690939534,0.014624745339503673,0.012877414515221603,0.011130083690939534,0.014624745339503673,False,0.2891300848516173
new_arrhythmia_adm,0.41065797812179816,166385481.0,0.06226167406388698,0.058516892534223666,0.0660064555935503,0.06226167406388698,0.058516892534223666,0.0660064555935503,False,0.4487189614599161
new_atypicalmyco_adm,0.01735586988225132,166408703.0,0.0006251172094767769,0.00023775236921128907,0.0010124820497422647,0.0006251172094767769,0.00023775236921128907,0.0010124820497422647,True,0.02524490164691101
new_cardiacarrest_adm,4.829530170851681e-06,166232052.5,0.00018753516284303307,-2.4679742662453696e-05,0.0003997500683485198,0.00018753516284303307,-2.4679742662453696e-05,0.0003997500683485198,True,9.573581931599792e-06
new_cc_index,8.281638830996656e-85,148536019.0,0.8424704632118523,0.8290090056195581,0.8559319208041464,0.8424704632118523,0.8290090056195581,0.8559319208041464,True,5.013748913900679e-84
new_cdiff_adm,0.04430881434990532,165966629.5,0.032443583171844724,0.029697726833796102,0.035189439509893346,0.032443583171844724,0.029697726833796102,0.035189439509893346,False,0.06242248059357731
new_chf_adm,1.2039059758792142e-09,164262135.5,0.05488529099206101,0.05135552834645323,0.058415053637668794,0.05488529099206101,0.05135552834645323,0.058415053637668794,True,2.9963882066327106e-09
new_encephalitis_adm,0.37322868071126736,166473553.5,0.00018753516284303307,-2.4679742662453696e-05,0.0003997500683485198,0.00018753516284303307,-2.4679742662453696e-05,0.0003997500683485198,False,0.41593644019564124
new_endocarditis_adm,0.4526809666355395,166476051.5,0.0005000937675814216,0.0001536024503270456,0.0008465850848357975,0.0005000937675814216,0.0001536024503270456,0.0008465850848357975,False,0.4760588569312716
new_fungal_adm,0.05792295241634844,166427108.5,0.0005626054885290992,0.00019510744120382914,0.0009301035358543693,0.0005626054885290992,0.00019510744120382914,0.0009301035358543693,False,0.07816109241724127
new_leishmaniasis_adm,,,0.0,0.0,0.0,0.0,0.0,0.0,,
new_listeriosis_adm,0.10752617415200749,166464782.0,0.0,0.0,0.0,0.0,0.0,0.0,False,0.13842450005775678
new_meningitis_adm,0.045387029042982995,166429606.5,0.0001250234418953554,-4.825471959168408e-05,0.0002983016033823949,0.0001250234418953554,-4.825471959168408e-05,0.0002983016033823949,False,0.06275737349153204
new_mi_adm,0.17596232305080795,166308742.0,0.010689504282052885,0.00909575373366956,0.01228325483043621,0.010689504282052885,0.00909575373366956,0.01228325483043621,False,0.21421500197489662
new_osteo_adm,0.0022722927534939157,166184981.0,0.0045633556291804715,0.003518817673144736,0.005607893585216206,0.0045633556291804715,0.003518817673144736,0.005607893585216206,True,0.003661824293400267
new_pcp_adm,0.22822922723496336,166467190.5,0.0001250234418953554,-0.00012003654430199154,0.00037008342809270235,0.0001250234418953554,-0.00012003654430199154,0.00037008342809270235,False,0.2679119921076619
new_pneumonia_adm,0.22844281469894384,166398922.5,0.0036881915359129836,0.0027487286484996487,0.004627654423326319,0.0036881915359129836,0.0027487286484996487,0.004627654423326319,False,0.2679119921076619
new_pyelonephritis_adm,0.4522526153553327,166469957.0,0.002625492279802463,0.0018324254956711087,0.0034185590639338173,0.002625492279802463,0.0018324254956711087,0.0034185590639338173,False,0.4760588569312716
new_septicemia_adm,0.0018424349896829504,165198968.0,0.0638869788085266,0.060096923263957984,0.06767703435309522,0.0638869788085266,0.060096923263957984,0.06767703435309522,True,0.003012448450284532
new_tb_adm,0.14498989951166058,166459192.0,6.25117209476777e-05,-6.001827215099577e-05,0.00018504171404635117,6.25117209476777e-05,-6.001827215099577e-05,0.00018504171404635117,False,0.17943501376028712
new_unstableangina_adm,0.03639674440575187,166298807.0,0.0027505157216978185,0.001938836867021579,0.003562194576374058,0.0027505157216978185,0.001938836867021579,0.003562194576374058,False,0.05192911303750586
npr,0.0012417345122173915,163511686.5,1.9373007438894794,1.8985668521950871,1.9760346355838716,1.9373007438894794,1.8985668521950871,1.9760346355838716,True,0.002060359486938487
nrd_daystoevent,0.48341788679666436,166438758.5,16427.657060698883,16375.789512243395,16479.52460915437,16427.657060698883,16375.789512243395,16479.52460915437,False,0.48998012055408513
nrd_stratum,0.16834934394918966,165510665.0,39.957867100081266,39.52175916021023,40.3939750399523,39.957867100081266,39.52175916021023,40.3939750399523,False,0.20606695652796986
old_quintile,0.4230836283831742,166315077.5,0.39013565043445647,0.38257603508037563,0.3976952657885373,0.39013565043445647,0.38257603508037563,0.3976952657885373,False,0.4556285228741876
old_quintile_flag,1.2497006570373714e-203,139567969.0,1.1629055447896481,1.1367298799044092,1.189081209674887,1.1629055447896481,1.1367298799044092,1.189081209674887,True,1.2170997703320488e-202
orproc,1.6007536695234535e-43,156014443.0,0.2157904607113834,0.20941506071775828,0.2221658607050085,0.2157904607113834,0.20941506071775828,0.2221658607050085,True,6.765449471193464e-43
others_adm,0.08766491270605725,166180619.5,0.015252859911233357,0.013353473786973645,0.01715224603549307,0.015252859911233357,0.013353473786973645,0.01715224603549307,False,0.11350832627836314
parenteral_or_enteral_index,,,0.0,0.0,0.0,0.0,0.0,0.0,,
pay1,9.409413924914062e-49,152859833.5,1.982746765018441,1.9637278585028572,2.0017656715340246,1.982746765018441,1.9637278585028572,2.0017656715340246,True,4.3910598316265623e-48
payer,3.4665459295960455e-66,151373588.0,1.4713383759454899,1.4598449197739987,1.482831832116981,1.4713383759454899,1.4598449197739987,1.482831832116981,True,1.8488244957845575e-65
pl_nchs,6.40037367536245e-07,161712277.5,2.592486091142089,2.5698679216720066,2.6151042606121715,2.592486091142089,2.5698679216720066,2.6151042606121715,True,1.3654130507439893e-06
pq10_dehydrate,0.4312498491065624,166443024.0,0.015627930236919423,0.013705699004459117,0.01755016146937973,0.015627930236919423,0.013705699004459117,0.01755016146937973,False,0.4622007952146889
pq11_bacterialpna,0.4706754984202839,166462691.0,0.020191285866099893,0.018011429422462893,0.022371142309736892,0.020191285866099893,0.018011429422462893,0.022371142309736892,False,0.4881079242877018
pq12_uti,0.00616431080011199,166043205.0,0.011564668375320372,0.009907693289825959,0.013221643460814786,0.011564668375320372,0.009907693289825959,0.013221643460814786,True,0.009522797373966108
pq13_angina,0.2504073056304186,166448874.5,0.0006251172094767769,0.00023775236921128913,0.0010124820497422647,0.0006251172094767769,0.00023775236921128913,0.0010124820497422647,False,0.2891300848516173
pq14_diabeteswocomp,0.04156727163953757,166411884.5,0.0007501406513721323,0.0003258302728302358,0.0011744510299140287,0.0007501406513721323,0.0003258302728302358,0.0011744510299140287,False,0.05893081548896466
pq15_asthma,0.011778753703867401,166196755.0,0.006126148652872414,0.004916846979474756,0.007335450326270071,0.006126148652872414,0.004916846979474756,0.007335450326270071,True,0.017589605531108655
pq16_dm_amputate,0.007454594192891333,166400704.5,0.0006251172094767769,0.00023775236921128907,0.0010124820497422647,0.0006251172094767769,0.00023775236921128907,0.0010124820497422647,True,0.011359381627262985
pq1_dm_short,0.017825825408440268,166301183.0,0.003000562605488529,0.0021528979812588884,0.00384822722971817,0.003000562605488529,0.0021528979812588884,0.00384822722971817,True,0.02576119284832658
pq2_perf_appendix,0.0008232830021617259,166264136.0,0.0008126523723198099,0.0003710299425035609,0.001254274802136059,0.0008126523723198099,0.0003710299425035609,0.001254274802136059,True,0.0013762342722703478
pq3_dm_long,0.0006886008504813416,166160212.5,0.004375820466337438,0.003352874435986266,0.0053987664966886105,0.004375820466337438,0.003352874435986266,0.0053987664966886105,True,0.0011685347765743978
pq5_copd_asthma,4.070186776589539e-09,165061464.5,0.025004688379071077,0.022584845082105016,0.027424531676037138,0.025004688379071077,0.022584845082105016,0.027424531676037138,True,9.69916848889422e-09
pq7_htn,0.07284083659312013,166370614.5,0.0015002813027442646,0.0009004410887598349,0.0021001215167286945,0.0015002813027442646,0.0009004410887598349,0.0021001215167286945,False,0.09654643430094029
pq8_chf,1.0631893804459872e-07,165550984.0,0.013752578608489092,0.011947649019818509,0.015557508197159675,0.013752578608489092,0.011947649019818509,0.015557508197159675,True,2.3579645665336746e-07
prevent_in_sixmo,,,0.0,0.0,0.0,0.0,0.0,0.0,,
prevent_readm,3.6062609288841847e-10,163435287.0,0.09783084328311559,0.09322009443515894,0.10244159213107223,0.09783084328311559,0.09322009443515894,0.10244159213107223,True,9.17957327352338e-10
proc_in_sixmo,,,0.0,0.0,0.0,0.0,0.0,0.0,,
readmission_time,,,0.0,0.0,0.0,0.0,0.0,0.0,,
rehabtransfer,,,0.0,0.0,0.0,0.0,0.0,0.0,,
resident,9.691337211900022e-30,161843007.5,0.9569919359879977,0.9538477781334218,0.9601360938425736,0.9569919359879977,0.9538477781334218,0.9601360938425736,True,3.445808786453341e-29
resp_adm,7.600421402953328e-07,164460991.5,0.06820028755391636,0.06429341139511474,0.07210716371271797,0.06820028755391636,0.06429341139511474,0.07210716371271797,True,1.6061267870391937e-06
s_disc_u,2.3854568288816876e-06,161861378.0,459217.1649684316,454165.7527921784,464268.57714468474,459217.1649684316,454165.7527921784,464268.57714468474,True,4.8576575424499825e-06
s_hosp_u,0.32972799494680277,166036406.0,30.047071325873603,29.747388424272827,30.346754227474378,30.047071325873603,29.747388424272827,30.346754227474378,False,0.37491914146235444
samedayevent,,,0.0,0.0,0.0,0.0,0.0,0.0,,
severe_IBD_hospitalization,2.1697345418470936e-47,156118915.5,0.25004688379071077,0.24333563967160118,0.25675812790982033,0.25004688379071077,0.24333563967160118,0.25675812790982033,True,9.720410747474979e-47
severe_in_sixmo,,,0.0,0.0,0.0,0.0,0.0,0.0,,
severetime,0.0,29619738.0,43.361880352566104,41.713477511940056,45.01028319319215,43.361880352566104,41.713477511940056,45.01028319319215,True,0.0
steroid_use,2.1750399407969016e-14,163474442.0,0.06494967806463713,0.06113040025530092,0.06876895587397333,0.06494967806463713,0.06113040025530092,0.06876895587397333,True,6.167201857449442e-14
sum_middle,,,114990.0,114990.0,114990.0,114990.0,114990.0,114990.0,,
sum_old,,,79516.0,79516.0,79516.0,79516.0,79516.0,79516.0,,
sum_young,,,85151.0,85151.0,85151.0,85151.0,85151.0,85151.0,,
surgery_in_sixmo,,,0.0,0.0,0.0,0.0,0.0,0.0,,
surgtime,0.0,29619738.0,43.361880352566104,41.713477511940056,45.01028319319215,43.361880352566104,41.713477511940056,45.01028319319215,True,0.0
thromboses,2.5546399415421565e-23,161675268.0,0.10064387072576109,0.09598119974077746,0.10530654171074472,0.10064387072576109,0.09598119974077746,0.10530654171074472,True,8.41528451331534e-23
thrombosis_adm,0.47855109644303045,166473521.0,0.006001125210977058,0.004804151680559958,0.007198098741394159,0.006001125210977058,0.004804151680559958,0.007198098741394159,False,0.48998012055408513
top_ibd,0.0,103855164.5,0.9202975557917109,0.902280758384166,0.9383143531992558,0.9202975557917109,0.902280758384166,0.9383143531992558,True,0.0
top_quintile_flag,0.0,92876494.5,1.1142714258923547,1.0957647162784843,1.1327781355062252,1.1142714258923547,1.0957647162784843,1.1327781355062252,True,0.0
tot_blood_transfusion,0.0,139951766.5,0.2708632868662874,0.2639758947155145,0.2777506790170603,0.2708632868662874,0.2639758947155145,0.2777506790170603,True,0.0
tot_colonresect_adm,3.93613177221328e-53,164617926.0,0.011252109770581983,0.009608261925598112,0.012895957615565855,0.011252109770581983,0.009608261925598112,0.012895957615565855,True,1.8759436531399463e-52
tot_colostomy_adm,2.2240944753138517e-08,166241418.0,0.0014377695817965868,0.0008505406162341127,0.002024998547359061,0.0014377695817965868,0.0008505406162341127,0.002024998547359061,True,5.244180657582135e-08
tot_exlap_adm,0.00062640011548047,166397523.0,0.0005000937675814216,0.00015360245032704553,0.0008465850848357976,0.0005000937675814216,0.00015360245032704553,0.0008465850848357976,True,0.0010710963806688952
tot_gi_or_hepatic_proc,0.0,130232956.5,0.5378508470338188,0.5301240898378955,0.5455776042297421,0.5378508470338188,0.5301240898378955,0.5455776042297421,True,0.0
tot_ibd_death,0.04484269110600773,165871087.0,0.04613365005938613,0.04288256802067738,0.04938473209809489,0.04613365005938613,0.04288256802067738,0.04938473209809489,False,0.06259434419938875
tot_ibd_procedures,0.0,131020454.5,0.5012189785584797,0.49347000873189684,0.5089679483850627,0.5012189785584797,0.49347000873189684,0.5089679483850627,True,0.0
tot_ileoostomy_adm,8.270261069993826e-35,165283974.0,0.007251359629930612,0.005925054286021053,0.00857766497384017,0.007251359629930612,0.005925054286021053,0.00857766497384017,True,3.1940318615148564e-34
tot_localexcise_adm,,,0.0,0.0,0.0,0.0,0.0,0.0,,
tot_lysis_adm,1.6450158432288736e-75,163806180.0,0.016128024004500845,0.014168099546472305,0.018087948462529386,0.016128024004500845,0.014168099546472305,0.018087948462529386,True,9.696935496928096e-75
tot_parenteral_or_enteral,,,0.0,0.0,0.0,0.0,0.0,0.0,,
tot_pq1,2.4969568659271213e-12,165728798.0,0.006438707257610802,0.005199134771336004,0.0076782797438855995,0.006438707257610802,0.005199134771336004,0.0076782797438855995,True,6.658551642472323e-12
tot_pq2,0.11278097444859536,166389020.0,0.0015627930236919423,0.0009506028330967271,0.0021749832142871576,0.0015627930236919423,0.0009506028330967271,0.0021749832142871576,False,0.14320638784083511
tot_pq3,1.536065344192787e-35,164640790.5,0.013502531724698381,0.011713859155326958,0.015291204294069804,0.013502531724698381,0.011713859155326958,0.015291204294069804,True,6.03646731752955e-35
tot_prevent_readm,0.0,140575682.0,0.3202475464149528,0.30992530136443946,0.3305697914654661,0.3202475464149528,0.30992530136443946,0.3305697914654661,True,0.0
tot_smallbowelresect_adm,1.14554795501738e-35,165252753.0,0.007501406513721323,0.006141889294932272,0.008860923732510373,0.007501406513721323,0.006141889294932272,0.008860923732510373,True,4.58219182006952e-35
tot_surgery_adm,3.223024408296906e-199,159372798.0,0.04269550540726386,0.03956228183992386,0.04582872897460387,0.04269550540726386,0.03956228183992386,0.04582872897460387,True,3.0081561144104454e-198
tot_thromboses,9.315431185401498e-267,146555502.0,0.3286241170219416,0.316639943900886,0.3406082901429972,0.3286241170219416,0.316639943900886,0.3406082901429972,True,9.936459931094931e-266
tot_unplanned,0.0,140657267.5,0.9633681315246608,0.9604567378805893,0.9662795251687324,0.9633681315246608,0.9604567378805893,0.9662795251687324,True,0.0
total_before_ibd_index,7.064044480398554e-61,157797344.0,0.18753516284303307,0.17862181089934515,0.19644851478672098,0.18753516284303307,0.17862181089934515,0.19644851478672098,True,3.516324363576169e-60
total_disc,1.833377108410706e-06,161802057.5,20280.063824467088,20010.210858509436,20549.91679042474,20280.063824467088,20010.210858509436,20549.91679042474,True,3.802559928555538e-06
totchg,7.402004025719318e-21,157087386.5,56293.3127461399,54897.33430630715,57689.291185972645,56293.3127461399,54897.33430630715,57689.291185972645,True,2.3686412882301817e-20
unplanned_adm,3.778647389036833e-44,157391723.5,0.8628492842407951,0.8575178781115529,0.8681806903700373,0.8628492842407951,0.8575178781115529,0.8681806903700373,True,1.6277250291235586e-43
unplanned_in_sixmo,,,0.0,0.0,0.0,0.0,0.0,0.0,,
wageindex,0.46432367644208206,166390280.0,1.0402216038951055,1.0371365614746326,1.0433066463155785,1.0402216038951055,1.0371365614746326,1.0433066463155785,False,0.48602104450012323
year,,,2013.0,2013.0,2013.0,2013.0,2013.0,2013.0,,
young_quintile,0.4029775820259849,166304794.0,0.21216478089641808,0.20582857037313673,0.21850099141969942,0.21216478089641808,0.20582857037313673,0.21850099141969942,False,0.44686622957336936
young_quintile_flag,3.566135667002556e-24,159207581.0,0.7137588297805839,0.6876426485243143,0.7398750110368535,0.7137588297805839,0.6876426485243143,0.7398750110368535,True,1.2103248324372311e-23
zipinc_qrtl,1.6939884439995741e-12,159671301.0,2.4977808339063574,2.4806702803438365,2.5148913874688783,2.4977808339063574,2.4806702803438365,2.5148913874688783,True,4.571727848866321e-12
